min_points,window_days,step_days,n_windows_rank1,n_fit_points,n_inliers,inlier_fraction,rmse_inlier,wrmse_inlier,r2_inlier,slope_days_per_day,intercept_days
250,2900.0,2900.0,4,4,3,0.75,38.77905699701561,39.77266580189739,0.6272806796477143,0.022746824540121342,843.9764456319144
300,2900.0,2900.0,4,4,3,0.75,38.77905699701561,39.77266580189739,0.6272806796477143,0.022746824540121342,843.9764456319144
350,2900.0,2900.0,4,4,3,0.75,38.77905699701561,39.77266580189739,0.6272806796477143,0.022746824540121342,843.9764456319144
