rank,period_days,power,index
1,747.6518904591825,0.1852435288586328,136
2,948.5490436812594,0.1403377986321122,90
3,867.4730143059124,0.13963761980604217,106
