window_index,window_start_mjd,window_end_mjd,window_mid_mjd,n_points,rank,period_days,power,index,left_period_days,right_period_days,fwhm_days,period_err_low_days,period_err_high_days,width_height,window_days,step_days,min_points,ransac_inlier,ransac_fit
0,49994.067,52894.067,51444.067,464,1,1040.623249512187,0.22223525296878713,20,939.9114967878953,1154.188211972864,214.2767151849688,100.71175272429161,113.56496246067718,0.15434222549938606,2900.0,2900.0,250,False,747.2296486545174
1,52894.067,55794.067,54344.067,377,1,838.6331583298683,0.3709620695351297,30,764.3742335470592,971.2587138384824,206.8844802914232,74.258924782809,132.62555550861418,0.21962495729586706,2900.0,2900.0,250,True,813.1954398208693
2,55794.067,58694.067,57244.067,775,1,824.3660749593676,0.4636425857660916,31,698.8152675061158,1116.3116748218488,417.496407315733,125.55080745325176,291.94559986248123,0.23257593827116146,2900.0,2900.0,250,True,879.1612309872212
3,58694.067,60819.668,59756.8675,390,1,965.6769005839051,0.4331915948972139,17,739.5538914301508,1389.822849237295,650.2689578071443,226.1230091537543,424.14594865338995,0.2898828381919028,2900.0,2900.0,250,True,936.3194630650503
